epoch,train_loss,val_loss,lr,mode,seed,train/sim_max_reward_0,train/sim_max_reward_1,test/sim_max_reward_10000,test/sim_max_reward_10001,test/sim_max_reward_10002,test/sim_max_reward_10003,test/sim_max_reward_10004,test/sim_max_reward_10005,test/sim_max_reward_10006,test/sim_max_reward_10007,test/sim_max_reward_10008,test/sim_max_reward_10009,train/mean_score,test/mean_score
0,0.10090976847748627,0.0688149720757154,9.997532801828658e-05,soft_hard,42,0.19029749660605202,0.0006754812217992413,0.0,0.0,0.0,0.03187271525242837,0.1225740516804702,0.5470993795629927,0.206108564898729,0.008517194283531919,0.02514903816326859,0.0,0.09548648891392564,0.09413209438414208
1,0.05060744890349025,0.06490562935278081,9.990133642141359e-05,soft_hard,42,,,,,,,,,,,,,,
2,0.04472986643983904,0.057975634435812634,9.977809823015401e-05,soft_hard,42,,,,,,,,,,,,,,
3,0.04050678423712806,0.05867975635878873,9.960573506572391e-05,soft_hard,42,,,,,,,,,,,,,,
4,0.038799147386745544,0.05306733377408563,9.93844170297569e-05,soft_hard,42,,,,,,,,,,,,,,
5,0.03612902155257405,0.058293368785004865,9.911436253643445e-05,soft_hard,42,,,,,,,,,,,,,,
6,0.03453718801214697,0.05436442369562492,9.879583809693738e-05,soft_hard,42,,,,,,,,,,,,,,
7,0.03259809718889138,0.0538173794550331,9.842915805643157e-05,soft_hard,42,,,,,,,,,,,,,,
8,0.032119684315515325,0.05369787865824867,9.801468428384717e-05,soft_hard,42,,,,,,,,,,,,,,
9,0.02973943813540564,0.05598358106064169,9.75528258147577e-05,soft_hard,42,,,,,,,,,,,,,,
10,0.029786866324236303,0.05245613232254982,9.70440384477113e-05,soft_hard,42,0.5977801893866553,0.06338408670575733,0.0,0.3380678572881436,0.0683736918185645,0.35897227872908594,0.056208545675531005,0.4570965123647322,0.4219986937373135,0.34334568880013494,0.4772531222440567,0.506843567171876,0.33058213804620634,0.3028159957829438
11,0.028494726323026517,0.04962031666777636,9.64888242944126e-05,soft_hard,42,,,,,,,,,,,,,,
12,0.027484721879762978,0.051465675715160995,9.588773128419907e-05,soft_hard,42,,,,,,,,,,,,,,
13,0.026346072061447817,0.047538452863431814,9.5241352623301e-05,soft_hard,42,,,,,,,,,,,,,,
14,0.02624063114776756,0.04655324201377337,9.455032620941843e-05,soft_hard,42,,,,,,,,,,,,,,
15,0.026375820919681204,0.048845817589838254,9.381533400219321e-05,soft_hard,42,,,,,,,,,,,,,,
16,0.024712317792993585,0.050467933822227154,9.303710135019722e-05,soft_hard,42,,,,,,,,,,,,,,
17,0.023887183169085693,0.04864569323366148,9.22163962751008e-05,soft_hard,42,,,,,,,,,,,,,,
18,0.023714318544346916,0.04859347699634862,9.135402871372814e-05,soft_hard,42,,,,,,,,,,,,,,
19,0.023973424874760056,0.04472759709807864,9.045084971874742e-05,soft_hard,42,,,,,,,,,,,,,,
20,0.022796565048883787,0.04936977065446084,8.950775061878456e-05,soft_hard,42,0.4432524867606161,0.7322940177575298,0.4733709741457568,0.6750076029942407,0.8044879364898109,0.8637229534374352,0.5380835838530508,0.5483844613010017,0.3133779884756557,0.005126954580326935,0.0,0.11440800783249962,0.587773252259073,0.43359704631097784
21,0.021901047628605366,0.049320367723703386,8.852566213878951e-05,soft_hard,42,,,,,,,,,,,,,,
22,0.022024382595559566,0.04924904238105866,8.750555348152303e-05,soft_hard,42,,,,,,,,,,,,,,
23,0.021518905269445485,0.046531550314996326,8.644843137107063e-05,soft_hard,42,,,,,,,,,,,,,,
24,0.020790177368279695,0.04310901224155698,8.535533905932742e-05,soft_hard,42,,,,,,,,,,,,,,
25,0.020667249127216875,0.043226390407142934,8.422735529643448e-05,soft_hard,42,,,,,,,,,,,,,,
26,0.020374954293502057,0.04826391310545436,8.306559326618263e-05,soft_hard,42,,,,,,,,,,,,,,
27,0.01945708499041622,0.04493249170482159,8.187119948743452e-05,soft_hard,42,,,,,,,,,,,,,,
28,0.019760098991591774,0.04456938683594528,8.064535268264887e-05,soft_hard,42,,,,,,,,,,,,,,
29,0.01967166512487887,0.041233443246598826,7.938926261462371e-05,soft_hard,42,,,,,,,,,,,,,,
30,0.019262209410153098,0.04452048490771599,7.810416889260659e-05,soft_hard,42,0.48895395559467303,0.5019909713349596,0.0,0.021489973645340103,0.0,0.09145199819209572,0.5371322383834243,0.6887137941047679,0.3782951541547301,0.15098295240329648,0.5575090634525139,0.5274312528530807,0.4954724634648163,0.2953006427189249
31,0.018819544976799968,0.04936409948164957,7.679133974894988e-05,soft_hard,42,,,,,,,,,,,,,,
32,0.018726072714837085,0.04705521034632336,7.545207078751862e-05,soft_hard,42,,,,,,,,,,,,,,
33,0.0184879554697406,0.045990679132049544,7.408768370508582e-05,soft_hard,42,,,,,,,,,,,,,,
34,0.017835875618103684,0.04721934849625094,7.26995249869774e-05,soft_hard,42,,,,,,,,,,,,,,
35,0.017321093492336168,0.04540766729532104,7.12889645782537e-05,soft_hard,42,,,,,,,,,,,,,,
36,0.017415082898127224,0.04558410190307258,6.985739453173908e-05,soft_hard,42,,,,,,,,,,,,,,
37,0.017349362305628783,0.04733018739835212,6.840622763423397e-05,soft_hard,42,,,,,,,,,,,,,,
38,0.017431191427642823,0.04529646628519945,6.693689601226464e-05,soft_hard,42,,,,,,,,,,,,,,
39,0.01627721740432348,0.04647917930330885,6.545084971874744e-05,soft_hard,42,,,,,,,,,,,,,,
40,0.016180265356425978,0.04647939722462181,6.394955530196154e-05,soft_hard,42,0.9092914599928018,0.7980705728183136,0.0,0.13450958797469068,0.7872006989684823,0.39324337897505957,0.39460942510532104,0.561846445771814,0.42580535583377954,0.7925828304033761,0.0,0.07811055111777597,0.8536810164055577,0.3567908274150299
41,0.01638660853022362,0.045211661384816755,6.24344943582428e-05,soft_hard,42,,,,,,,,,,,,,,
42,0.015990846454217122,0.045030228110651174,6.0907162069827195e-05,soft_hard,42,,,,,,,,,,,,,,
43,0.015439311771648393,0.0427495469061429,5.93690657292863e-05,soft_hard,42,,,,,,,,,,,,,,
44,0.015905964347397227,0.045521588005909795,5.7821723252011606e-05,soft_hard,42,,,,,,,,,,,,,,
45,0.015047789281492228,0.046920437527526365,5.6266661678215284e-05,soft_hard,42,,,,,,,,,,,,,,
46,0.014683886323793697,0.046109509054702104,5.470541566592577e-05,soft_hard,42,,,,,,,,,,,,,,
47,0.014829321688656031,0.04520332584190264,5.313952597646573e-05,soft_hard,42,,,,,,,,,,,,,,
48,0.01414966198426903,0.038974851964597115,5.1570537953906474e-05,soft_hard,42,,,,,,,,,,,,,,
49,0.014365084440028889,0.043169489751259484,5.0000000000000057e-05,soft_hard,42,,,,,,,,,,,,,,
50,0.013697465552001124,0.04539534021822507,4.842946204609364e-05,soft_hard,42,0.4760004721228148,0.9301510785167906,0.5785473644182016,0.3007420664265015,0.3983618854664919,0.5339967872068421,0.409623961345779,0.6150345237032107,0.6991073289282396,0.37189954344909054,0.8662972455265149,0.867724418833098,0.7030757753198027,0.564133512530397
51,0.013873496544638358,0.04529250766755196,4.686047402353438e-05,soft_hard,42,,,,,,,,,,,,,,
52,0.01390674375277978,0.04565640135684557,4.529458433407433e-05,soft_hard,42,,,,,,,,,,,,,,
53,0.012813879437887584,0.04843185619173343,4.3733338321784836e-05,soft_hard,42,,,,,,,,,,,,,,
54,0.0131829186804326,0.04483112324552055,4.21782767479885e-05,soft_hard,42,,,,,,,,,,,,,,
55,0.01263413913546136,0.0462686427166326,4.0630934270713814e-05,soft_hard,42,,,,,,,,,,,,,,
56,0.013184684180709172,0.04654507896487127,3.909283793017293e-05,soft_hard,42,,,,,,,,,,,,,,
57,0.012060800358691873,0.04509539557784273,3.75655056417573e-05,soft_hard,42,,,,,,,,,,,,,,
58,0.011741407329968194,0.04666007785616737,3.605044469803859e-05,soft_hard,42,,,,,,,,,,,,,,
59,0.012884769988689272,0.04642076854708425,3.454915028125269e-05,soft_hard,42,,,,,,,,,,,,,,
60,0.011732390891484682,0.04263610916963795,3.3063103987735474e-05,soft_hard,42,0.8311858455153136,0.8508545307681303,0.8605910437731333,0.4606675973847663,0.98432267701791,0.7689198605847859,0.8800970998113108,0.42736822639495325,0.8462375607030104,0.9859109692095098,0.33252753562552323,0.5190288254301498,0.841020188141722,0.7065671395935053
61,0.01152892155787964,0.044070084273749796,3.159377236576616e-05,soft_hard,42,,,,,,,,,,,,,,
62,0.011363331568178585,0.04627154398905604,3.0142605468261005e-05,soft_hard,42,,,,,,,,,,,,,,
63,0.011404629068172863,0.04608650351302666,2.8711035421746404e-05,soft_hard,42,,,,,,,,,,,,,,
64,0.01159105999608308,0.04755009781373175,2.73004750130227e-05,soft_hard,42,,,,,,,,,,,,,,
65,0.01105329417152441,0.04479396003706936,2.5912316294914263e-05,soft_hard,42,,,,,,,,,,,,,,
66,0.010887060756126695,0.04864216552099638,2.4547929212481466e-05,soft_hard,42,,,,,,,,,,,,,,
67,0.009955750687315761,0.04464915996384725,2.320866025105019e-05,soft_hard,42,,,,,,,,,,,,,,
68,0.010386407786920486,0.04404102025978398,2.1895831107393498e-05,soft_hard,42,,,,,,,,,,,,,,
69,0.010346097527103398,0.043817519661235184,2.061073738537638e-05,soft_hard,42,,,,,,,,,,,,,,
70,0.010092108003438474,0.045732465410899176,1.9354647317351198e-05,soft_hard,42,0.5269523306082627,0.9848690334158813,0.7501283358749123,0.5414537091732863,0.9313206288551548,0.5883378048086921,0.9637480350113034,0.9390471533712864,0.7992825175952702,0.8551089360325889,0.842686937018546,0.27086578055824917,0.755910682012072,0.7481979838299289
71,0.010105570116382244,0.04757781606821115,1.812880051256554e-05,soft_hard,42,,,,,,,,,,,,,,
72,0.00992011295805501,0.04528465375892426,1.693440673381744e-05,soft_hard,42,,,,,,,,,,,,,,
73,0.009474620386179978,0.04962812173588757,1.577264470356559e-05,soft_hard,42,,,,,,,,,,,,,,
74,0.00943319421223301,0.05057780893617555,1.464466094067265e-05,soft_hard,42,,,,,,,,,,,,,,
75,0.008799241831533773,0.04727650974027551,1.3551568628929456e-05,soft_hard,42,,,,,,,,,,,,,,
76,0.008787531059690597,0.04468619851885657,1.249444651847704e-05,soft_hard,42,,,,,,,,,,,,,,
77,0.008686999523562142,0.045695015144322004,1.1474337861210562e-05,soft_hard,42,,,,,,,,,,,,,,
78,0.009377859616222305,0.04241506541964778,1.0492249381215497e-05,soft_hard,42,,,,,,,,,,,,,,
79,0.008451107311897754,0.049561841026144596,9.549150281252648e-06,soft_hard,42,,,,,,,,,,,,,,
80,0.009018325944085965,0.04864500731621918,8.645971286271927e-06,soft_hard,42,0.6708975152408977,0.9871023465613649,0.9257041688391868,0.5460197803414775,0.9552247848983446,0.8700477406409821,0.9372097498623938,0.4259158465942318,0.8747882315853784,0.9888951358844572,0.9524928584935389,0.022156451292030165,0.8289999309011313,0.7498454748432021
81,0.008384100171588652,0.04872256648122219,7.78360372489927e-06,soft_hard,42,,,,,,,,,,,,,,
82,0.008652625275875866,0.04802478864592941,6.962898649802823e-06,soft_hard,42,,,,,,,,,,,,,,
83,0.007989458883884162,0.043455841862841654,6.184665997806831e-06,soft_hard,42,,,,,,,,,,,,,,
84,0.008265946418809313,0.048292818662236656,5.449673790581619e-06,soft_hard,42,,,,,,,,,,,,,,
85,0.008533607771876102,0.04951169101292627,4.75864737669904e-06,soft_hard,42,,,,,,,,,,,,,,
86,0.00826093164099283,0.04891469434328508,4.112268715800961e-06,soft_hard,42,,,,,,,,,,,,,,
87,0.00801804202896646,0.05182697031352865,3.5111757055874383e-06,soft_hard,42,,,,,,,,,,,,,,
88,0.008185967434927303,0.05314986323447604,2.9559615522887324e-06,soft_hard,42,,,,,,,,,,,,,,
89,0.007866584035353305,0.04982598338014724,2.4471741852423276e-06,soft_hard,42,,,,,,,,,,,,,,
90,0.007513795675924014,0.052320113418656486,1.9853157161528557e-06,soft_hard,42,0.5290058950904134,0.988509716178055,0.9075960488428326,0.9893504269810466,0.8510866752426163,0.6768890810629029,0.5600813760492664,0.5740914921269938,1.0,0.9970315761678866,0.38147774149653396,0.4477163666911879,0.7587578056342342,0.7385320784661267
91,0.007790891499751255,0.050327541162831745,1.5708419435684545e-06,soft_hard,42,,,,,,,,,,,,,,
92,0.007992710373814176,0.04595932993515019,1.2041619030626358e-06,soft_hard,42,,,,,,,,,,,,,,
93,0.007619003217661864,0.04995412301893035,8.856374635655655e-07,soft_hard,42,,,,,,,,,,,,,,
94,0.007133149056804205,0.05224015820902168,6.155829702431181e-07,soft_hard,42,,,,,,,,,,,,,,
95,0.0075912906450740815,0.051546962235711126,3.9426493427611245e-07,soft_hard,42,,,,,,,,,,,,,,
96,0.007604768256422602,0.044474463360874274,2.2190176984600058e-07,soft_hard,42,,,,,,,,,,,,,,
97,0.0072087765463257555,0.0511642991352761,9.866357858642222e-08,soft_hard,42,,,,,,,,,,,,,,
98,0.007631384202515788,0.05017985346473819,2.467198171342004e-08,soft_hard,42,,,,,,,,,,,,,,
99,0.007361250401940475,0.0453174488357546,0.0,soft_hard,42,,,,,,,,,,,,,,
