epoch,train_loss,train_loss_diff,train_loss_freq,val_loss,lr,group,seed,train/sim_max_reward_0,train/sim_max_reward_1,test/sim_max_reward_10000,test/sim_max_reward_10001,test/sim_max_reward_10002,test/sim_max_reward_10003,test/sim_max_reward_10004,test/sim_max_reward_10005,test/sim_max_reward_10006,test/sim_max_reward_10007,test/sim_max_reward_10008,test/sim_max_reward_10009,train/mean_score,test/mean_score
0,0.10555114098742865,0.10555114098742865,0.0,0.06766669348274407,9.997532801828658e-05,A,42,0.19029749660605202,0.0006754812217992413,0.0,0.0,0.0,0.03187271525242837,0.3967501142271668,0.2968710948946796,0.004314832523160554,0.005126954580326935,0.0,0.0,0.09548648891392564,0.07349357114777623
1,0.06054858802899457,0.06054858802899457,0.0,0.062365388746062914,9.990133642141359e-05,A,42,,,,,,,,,,,,,,
2,0.05659609453892261,0.05659609453892261,0.0,0.05675803593506939,9.977809823015401e-05,A,42,,,,,,,,,,,,,,
3,0.05405522158229798,0.05405522158229798,0.0,0.051191304258087225,9.960573506572391e-05,A,42,,,,,,,,,,,,,,
4,0.05102007335461854,0.05102007335461854,0.0,0.046380531898977465,9.93844170297569e-05,A,42,,,,,,,,,,,,,,
5,0.04846493294165489,0.04846493294165489,0.0,0.05287422337814381,9.911436253643445e-05,A,42,,,,,,,,,,,,,,
6,0.04678739519029309,0.04678739519029309,0.0,0.04442656421216956,9.879583809693738e-05,A,42,,,,,,,,,,,,,,
7,0.04476773083667483,0.04476773083667483,0.0,0.047741519375459146,9.842915805643157e-05,A,42,,,,,,,,,,,,,,
8,0.04415315072471053,0.04415315072471053,0.0,0.044306255452204166,9.801468428384717e-05,A,42,,,,,,,,,,,,,,
9,0.04157426563185154,0.04157426563185154,0.0,0.04682379973431428,9.75528258147577e-05,A,42,,,,,,,,,,,,,,
10,0.04161826581835295,0.04161826581835295,0.0,0.041957093651096025,9.70440384477113e-05,A,42,0.518919807216799,0.6415843119224313,0.0,0.3874073468379807,0.35371432795240054,0.9111090563743063,0.530043015312485,0.47665798148817184,0.44852479097474646,0.4864066540247883,0.025542771506792326,0.12550779265044615,0.5802520595696151,0.3744913737122117
11,0.040500771603361366,0.040500771603361366,0.0,0.04158014352841858,9.64888242944126e-05,A,42,,,,,,,,,,,,,,
12,0.04038442172254161,0.04038442172254161,0.0,0.04272263831083189,9.588773128419907e-05,A,42,,,,,,,,,,,,,,
13,0.038882354232801966,0.038882354232801966,0.0,0.040365926333163916,9.5241352623301e-05,A,42,,,,,,,,,,,,,,
14,0.0388889541597725,0.0388889541597725,0.0,0.03887594841878142,9.455032620941843e-05,A,42,,,,,,,,,,,,,,
15,0.03823690846609917,0.03823690846609917,0.0,0.03959921913777004,9.381533400219321e-05,A,42,,,,,,,,,,,,,,
16,0.03714456586271192,0.03714456586271192,0.0,0.04345872317228401,9.303710135019722e-05,A,42,,,,,,,,,,,,,,
17,0.03636360899589813,0.03636360899589813,0.0,0.041626400627980106,9.22163962751008e-05,A,42,,,,,,,,,,,,,,
18,0.03583050748976497,0.03583050748976497,0.0,0.0398878263293259,9.135402871372814e-05,A,42,,,,,,,,,,,,,,
19,0.03639029427409243,0.03639029427409243,0.0,0.036978457103434365,9.045084971874742e-05,A,42,,,,,,,,,,,,,,
20,0.03495062095450276,0.03495062095450276,0.0,0.038843484948340216,8.950775061878456e-05,A,42,0.6445754412013445,0.3794551634590118,1.0,0.20566611830410916,0.5976330095727911,0.7064736259299017,0.6821322715977216,0.6865823055910194,0.5890378996622073,0.44880324569980407,0.9181313920048979,0.39384382779709004,0.5120153023301781,0.6228303696159542
21,0.033439053485817626,0.033439053485817626,0.0,0.03908096831291914,8.852566213878951e-05,A,42,,,,,,,,,,,,,,
22,0.033819083776473524,0.033819083776473524,0.0,0.03771680239914802,8.750555348152303e-05,A,42,,,,,,,,,,,,,,
23,0.03385473014430353,0.03385473014430353,0.0,0.03769860637880731,8.644843137107063e-05,A,42,,,,,,,,,,,,,,
24,0.031816543365102354,0.031816543365102354,0.0,0.035191966611238426,8.535533905932742e-05,A,42,,,,,,,,,,,,,,
25,0.032161957592862334,0.032161957592862334,0.0,0.037328211071067735,8.422735529643448e-05,A,42,,,,,,,,,,,,,,
26,0.03162585332042031,0.03162585332042031,0.0,0.03917870340509373,8.306559326618263e-05,A,42,,,,,,,,,,,,,,
27,0.0311161992893936,0.0311161992893936,0.0,0.03656725552455898,8.187119948743452e-05,A,42,,,,,,,,,,,,,,
28,0.031349649272214446,0.031349649272214446,0.0,0.03638347886633455,8.064535268264887e-05,A,42,,,,,,,,,,,,,,
29,0.031065256556903013,0.031065256556903013,0.0,0.033144838547562824,7.938926261462371e-05,A,42,,,,,,,,,,,,,,
30,0.02990893905416452,0.02990893905416452,0.0,0.03491535768762492,7.810416889260659e-05,A,42,0.5727598905512793,0.9927866861428538,0.6913750514736764,0.664637024706695,0.9727534252306586,0.7076215521111636,1.0,0.7919080607636209,0.607967410814628,0.6508661511096979,0.5463979814814165,0.3481022661200714,0.7827732883470666,0.6981628923811629
31,0.030433549584324756,0.030433549584324756,0.0,0.04047326824970936,7.679133974894988e-05,A,42,,,,,,,,,,,,,,
32,0.028874536390056868,0.028874536390056868,0.0,0.03837372135174902,7.545207078751862e-05,A,42,,,,,,,,,,,,,,
33,0.028853106217761857,0.028853106217761857,0.0,0.03663377266442567,7.408768370508582e-05,A,42,,,,,,,,,,,,,,
34,0.029024272492419827,0.029024272492419827,0.0,0.04063172601980337,7.26995249869774e-05,A,42,,,,,,,,,,,,,,
35,0.028237429566672474,0.028237429566672474,0.0,0.03598194791559588,7.12889645782537e-05,A,42,,,,,,,,,,,,,,
36,0.027661526020901484,0.027661526020901484,0.0,0.035424164738179297,6.985739453173908e-05,A,42,,,,,,,,,,,,,,
37,0.02791597142309081,0.02791597142309081,0.0,0.03384083544410634,6.840622763423397e-05,A,42,,,,,,,,,,,,,,
38,0.027070333340845444,0.027070333340845444,0.0,0.03441268147802667,6.693689601226464e-05,A,42,,,,,,,,,,,,,,
39,0.02687294397835859,0.02687294397835859,0.0,0.03602002493448948,6.545084971874744e-05,A,42,,,,,,,,,,,,,,
40,0.02639444164547065,0.02639444164547065,0.0,0.03507145673951559,6.394955530196154e-05,A,42,0.41815573861194916,0.9545396578616125,0.6816798612885949,0.36899442341252464,0.6439181040579856,0.7851260382863635,0.5123268366583144,0.7242563087536821,0.9485632776096592,0.42712440416817715,1.0,0.6164622059301883,0.6863476982367809,0.670845146016549
41,0.026841675410562593,0.026841675410562593,0.0,0.03960157556851444,6.24344943582428e-05,A,42,,,,,,,,,,,,,,
42,0.026044702139925182,0.026044702139925182,0.0,0.03631773817009832,6.0907162069827195e-05,A,42,,,,,,,,,,,,,,
43,0.025811120791418667,0.025811120791418667,0.0,0.03711808465355844,5.93690657292863e-05,A,42,,,,,,,,,,,,,,
44,0.025628749473336817,0.025628749473336817,0.0,0.036456384094791454,5.7821723252011606e-05,A,42,,,,,,,,,,,,,,
45,0.024269970939153035,0.024269970939153035,0.0,0.037793865899571726,5.6266661678215284e-05,A,42,,,,,,,,,,,,,,
46,0.024877865394752657,0.024877865394752657,0.0,0.03596671875239464,5.470541566592577e-05,A,42,,,,,,,,,,,,,,
47,0.024200222942349834,0.024200222942349834,0.0,0.035421242774055714,5.313952597646573e-05,A,42,,,,,,,,,,,,,,
48,0.024315293580315936,0.024315293580315936,0.0,0.03079556862725631,5.1570537953906474e-05,A,42,,,,,,,,,,,,,,
49,0.02410054540572067,0.02410054540572067,0.0,0.03556920932605863,5.0000000000000057e-05,A,42,,,,,,,,,,,,,,
50,0.02274325961154994,0.02274325961154994,0.0,0.03612089985818194,4.842946204609364e-05,A,42,0.727517050507594,1.0,1.0,0.575796715165792,0.9637548715292494,0.9436358275490196,0.7084156336627506,0.7004830103611157,0.6586825866705635,0.5554188073916505,0.9571368040412199,0.6589202676194403,0.8637585252537969,0.7722244523990802
51,0.023403136238256735,0.023403136238256735,0.0,0.03950526053085923,4.686047402353438e-05,A,42,,,,,,,,,,,,,,
52,0.023035867853042635,0.023035867853042635,0.0,0.038262848894258863,4.529458433407433e-05,A,42,,,,,,,,,,,,,,
53,0.021299922523353148,0.021299922523353148,0.0,0.039587166281253625,4.3733338321784836e-05,A,42,,,,,,,,,,,,,,
54,0.02211662526004777,0.02211662526004777,0.0,0.0366633406350095,4.21782767479885e-05,A,42,,,,,,,,,,,,,,
55,0.021294173332632324,0.021294173332632324,0.0,0.03884418475882787,4.0630934270713814e-05,A,42,,,,,,,,,,,,,,
56,0.02171673278466901,0.02171673278466901,0.0,0.038502042325573006,3.909283793017293e-05,A,42,,,,,,,,,,,,,,
57,0.020986225555333023,0.020986225555333023,0.0,0.03807138383323163,3.75655056417573e-05,A,42,,,,,,,,,,,,,,
58,0.02052971254997074,0.02052971254997074,0.0,0.040715855294675155,3.605044469803859e-05,A,42,,,,,,,,,,,,,,
59,0.02131009290304534,0.02131009290304534,0.0,0.04157529634407215,3.454915028125269e-05,A,42,,,,,,,,,,,,,,
60,0.020414147620624826,0.020414147620624826,0.0,0.03756225169718004,3.3063103987735474e-05,A,42,1.0,1.0,0.9944216295676954,0.3787866798027129,0.9952899912366054,0.7025361721473025,0.9864971694649117,0.5825316213561985,1.0,0.6525232870733867,0.9771609818348397,0.7196960460774143,1.0,0.7989443578561068
61,0.020206028778173558,0.020206028778173558,0.0,0.04167437326947325,3.159377236576616e-05,A,42,,,,,,,,,,,,,,
62,0.01993252670090123,0.01993252670090123,0.0,0.0384661516223691,3.0142605468261005e-05,A,42,,,,,,,,,,,,,,
63,0.01971650035087126,0.01971650035087126,0.0,0.04177182111807429,2.8711035421746404e-05,A,42,,,,,,,,,,,,,,
64,0.0189538108083929,0.0189538108083929,0.0,0.04267005192017869,2.73004750130227e-05,A,42,,,,,,,,,,,,,,
65,0.019025111520359145,0.019025111520359145,0.0,0.04515993827463765,2.5912316294914263e-05,A,42,,,,,,,,,,,,,,
66,0.018517962220032807,0.018517962220032807,0.0,0.03766979722698268,2.4547929212481466e-05,A,42,,,,,,,,,,,,,,
67,0.01784105275739415,0.01784105275739415,0.0,0.044405062545679115,2.320866025105019e-05,A,42,,,,,,,,,,,,,,
68,0.017978093631515812,0.017978093631515812,0.0,0.043839066896358865,2.1895831107393498e-05,A,42,,,,,,,,,,,,,,
69,0.017903869643089237,0.017903869643089237,0.0,0.03941769348375761,2.061073738537638e-05,A,42,,,,,,,,,,,,,,
70,0.01756056575449941,0.01756056575449941,0.0,0.04545688708721284,1.9354647317351198e-05,A,42,1.0,0.9668615296737533,0.9630143391879058,0.422308733890148,0.7227888134872413,0.9802291883166478,0.6941240825427999,0.7266820085570906,1.0,0.9642381684115712,1.0,0.37801548627639014,0.9834307648368766,0.7851400820669795
71,0.01716113085307083,0.01716113085307083,0.0,0.040778714264007775,1.812880051256554e-05,A,42,,,,,,,,,,,,,,
72,0.016994313192689358,0.016994313192689358,0.0,0.04813164965363971,1.693440673381744e-05,A,42,,,,,,,,,,,,,,
73,0.016862713986193757,0.016862713986193757,0.0,0.045748782517355785,1.577264470356559e-05,A,42,,,,,,,,,,,,,,
74,0.016629389044475938,0.016629389044475938,0.0,0.04210802214710336,1.464466094067265e-05,A,42,,,,,,,,,,,,,,
75,0.016082195564640307,0.016082195564640307,0.0,0.047314160178301104,1.3551568628929456e-05,A,42,,,,,,,,,,,,,,
76,0.016249133069071907,0.016249133069071907,0.0,0.04261520356103255,1.249444651847704e-05,A,42,,,,,,,,,,,,,,
77,0.015425402125784833,0.015425402125784833,0.0,0.04846895478763863,1.1474337861210562e-05,A,42,,,,,,,,,,,,,,
78,0.016086565907502418,0.016086565907502418,0.0,0.047172013047690455,1.0492249381215497e-05,A,42,,,,,,,,,,,,,,
79,0.015320072886287093,0.015320072886287093,0.0,0.04948053009513961,9.549150281252648e-06,A,42,,,,,,,,,,,,,,
80,0.015565026653418095,0.015565026653418095,0.0,0.049684168579743095,8.645971286271927e-06,A,42,0.9907389644976784,0.9857959873617584,1.0,0.7007677009855798,1.0,1.0,0.7169321372090143,0.7177331082978787,1.0,1.0,0.916151345971563,0.5201367738143141,0.9882674759297184,0.857172106627835
81,0.015459775229254248,0.015459775229254248,0.0,0.051513234752214004,7.78360372489927e-06,A,42,,,,,,,,,,,,,,
82,0.015295971054257009,0.015295971054257009,0.0,0.049523275550618244,6.962898649802823e-06,A,42,,,,,,,,,,,,,,
83,0.014889867571732133,0.014889867571732133,0.0,0.048381066521662366,6.184665997806831e-06,A,42,,,,,,,,,,,,,,
84,0.014985257263439805,0.014985257263439805,0.0,0.05163009235994857,5.449673790581619e-06,A,42,,,,,,,,,,,,,,
85,0.015238926601360375,0.015238926601360375,0.0,0.04962386618891176,4.75864737669904e-06,A,42,,,,,,,,,,,,,,
86,0.014818111500956053,0.014818111500956053,0.0,0.056330736705281756,4.112268715800961e-06,A,42,,,,,,,,,,,,,,
87,0.014711984736526287,0.014711984736526287,0.0,0.05404645419891989,3.5111757055874383e-06,A,42,,,,,,,,,,,,,,
88,0.01416039225997023,0.01416039225997023,0.0,0.053632801235244984,2.9559615522887324e-06,A,42,,,,,,,,,,,,,,
89,0.014196628003807863,0.014196628003807863,0.0,0.05764378090879243,2.4471741852423276e-06,A,42,,,,,,,,,,,,,,
90,0.0142591302588536,0.0142591302588536,0.0,0.05535129404120278,1.9853157161528557e-06,A,42,0.6594708993874494,0.9837150474458789,1.0,0.90362259996098,0.6556161747027582,1.0,0.685468322034447,0.4483269425557152,1.0,0.9370773490188904,0.9643800898396737,0.7132952707875859,0.8215929734166642,0.8307786748900051
91,0.014110771660977808,0.014110771660977808,0.0,0.05793811743752214,1.5708419435684545e-06,A,42,,,,,,,,,,,,,,
92,0.014791422411691742,0.014791422411691742,0.0,0.05789594347139396,1.2041619030626358e-06,A,42,,,,,,,,,,,,,,
93,0.01350736877339947,0.01350736877339947,0.0,0.05594324395060539,8.856374635655655e-07,A,42,,,,,,,,,,,,,,
94,0.014137705655122752,0.014137705655122752,0.0,0.05562151276032653,6.155829702431181e-07,A,42,,,,,,,,,,,,,,
95,0.01397913986431922,0.01397913986431922,0.0,0.05294119045220054,3.9426493427611245e-07,A,42,,,,,,,,,,,,,,
96,0.01393133581028709,0.01393133581028709,0.0,0.05193173334394631,2.2190176984600058e-07,A,42,,,,,,,,,,,,,,
97,0.013828320837018201,0.013828320837018201,0.0,0.05378902472776214,9.866357858642222e-08,A,42,,,,,,,,,,,,,,
98,0.01358551564197497,0.01358551564197497,0.0,0.05303128302309727,2.467198171342004e-08,A,42,,,,,,,,,,,,,,
99,0.013543995958929318,0.013543995958929318,0.0,0.05307729927528845,0.0,A,42,,,,,,,,,,,,,,
